{"is_source_file": false, "format": "", "description": "", "external_files": [], "external_methods": [], "published": [], "classes": [], "methods": [], "calls": [], "search-terms": ["App.css", "modern light theme", "CSS variables", "main layout", "chat UI styling"], "state": 2, "file_id": 9, "knowledge_revision": 27, "git_revision": "d6c577ba83e42fa6381999fe4ca049698ff4f7f7", "hash": "5c28f542059846b4b5b252aae84ecb17", "format-version": 4, "code-base-name": "messenger_frontend", "filename": "messenger_frontend/src/App.css", "revision_history": [{"27": "d6c577ba83e42fa6381999fe4ca049698ff4f7f7"}]}