{"is_source_file": false, "format": "", "description": "", "external_files": [], "external_methods": [], "published": [], "classes": [], "methods": [], "calls": [], "search-terms": [], "state": 2, "file_id": 3, "knowledge_revision": 16, "git_revision": "d6c577ba83e42fa6381999fe4ca049698ff4f7f7", "hash": "d2b40d02d5f7873d8a6713bad837edd4", "format-version": 4, "code-base-name": "messenger_frontend", "filename": "messenger_frontend/public/index.html", "revision_history": [{"16": "d6c577ba83e42fa6381999fe4ca049698ff4f7f7"}]}