{"is_source_file": true, "format": "JavaScript", "description": "This file defines a module for creating and managing a real-time chat client using SignalR. It includes functions to initialize connection, handle incoming messages, and join or leave chat rooms.", "external_files": ["@microsoft/signalr"], "external_methods": ["signalR.HubConnectionBuilder", "signalR.LogLevel.Information"], "published": ["createRealtimeClient"], "classes": [], "methods": [{"name": "createRealtimeClient({ token, onMessage })", "description": "Creates a SignalR-based real-time client for chat messaging with functions to start/stop connection and manage chat room membership.", "scope": "", "scopeKind": ""}, {"name": "getHubUrl()", "scope": "", "scopeKind": "", "description": "unavailable"}, {"name": "joinChat(chatId)", "scope": "createRealtimeClient", "scopeKind": "function", "description": "unavailable"}, {"name": "leaveChat(chatId)", "scope": "createRealtimeClient", "scopeKind": "function", "description": "unavailable"}, {"name": "start()", "scope": "createRealtimeClient", "scopeKind": "function", "description": "unavailable"}, {"name": "stop()", "scope": "createRealtimeClient", "scopeKind": "function", "description": "unavailable"}], "calls": ["signalR.HubConnectionBuilder", "connection.on", "connection.start", "connection.stop", "connection.invoke"], "search-terms": ["SignalR chat client", "realtime messaging", "createRealtimeClient", "chat hub", "SignalR connection management"], "state": 2, "file_id": 20, "knowledge_revision": 51, "git_revision": "500e087e7514c1d0c03c2e2336d457f1129d5dd4", "ctags": [{"_type": "tag", "name": "createRealtimeClient", "path": "/home/kavia/workspace/code-generation/secure-chat-messenger-321065-321074/messenger_frontend/src/realtime/realtimeClient.js", "pattern": "/^export function createRealtimeClient({ token, onMessage }) {$/", "language": "JavaScript", "kind": "function", "signature": "({ token, onMessage })"}, {"_type": "tag", "name": "getHubUrl", "path": "/home/kavia/workspace/code-generation/secure-chat-messenger-321065-321074/messenger_frontend/src/realtime/realtimeClient.js", "pattern": "/^function getHubUrl() {$/", "language": "JavaScript", "kind": "function", "signature": "()"}, {"_type": "tag", "name": "joinChat", "path": "/home/kavia/workspace/code-generation/secure-chat-messenger-321065-321074/messenger_frontend/src/realtime/realtimeClient.js", "pattern": "/^  async function joinChat(chatId) {$/", "language": "JavaScript", "kind": "function", "signature": "(chatId)", "scope": "createRealtimeClient", "scopeKind": "function"}, {"_type": "tag", "name": "leaveChat", "path": "/home/kavia/workspace/code-generation/secure-chat-messenger-321065-321074/messenger_frontend/src/realtime/realtimeClient.js", "pattern": "/^  async function leaveChat(chatId) {$/", "language": "JavaScript", "kind": "function", "signature": "(chatId)", "scope": "createRealtimeClient", "scopeKind": "function"}, {"_type": "tag", "name": "start", "path": "/home/kavia/workspace/code-generation/secure-chat-messenger-321065-321074/messenger_frontend/src/realtime/realtimeClient.js", "pattern": "/^  async function start() {$/", "language": "JavaScript", "kind": "function", "signature": "()", "scope": "createRealtimeClient", "scopeKind": "function"}, {"_type": "tag", "name": "stop", "path": "/home/kavia/workspace/code-generation/secure-chat-messenger-321065-321074/messenger_frontend/src/realtime/realtimeClient.js", "pattern": "/^  async function stop() {$/", "language": "JavaScript", "kind": "function", "signature": "()", "scope": "createRealtimeClient", "scopeKind": "function"}], "hash": "a8e0af2aa95e78f393022f926c41287d", "format-version": 4, "code-base-name": "messenger_frontend", "filename": "messenger_frontend/src/realtime/realtimeClient.js", "revision_history": [{"51": "500e087e7514c1d0c03c2e2336d457f1129d5dd4"}]}