{"is_source_file": true, "format": "JavaScript (React component)", "description": "This file defines a React functional component 'MembersModal' which provides a user interface for viewing, adding, and removing members in a chat group or conversation. It manages state for members, loading status, errors, and input email, and interacts with external functions to load and modify members.", "external_files": ["./Modal"], "external_methods": ["loadMembers?", "onAddMember?", "onRemoveMember?", "onClose"], "published": ["MembersModal"], "classes": [], "methods": [{"name": "MembersModal({ chat, loadMembers, onAddMember, onRemoveMember, onClose })", "description": "React functional component for managing chat group members, including loading, adding, and removing members.", "scope": "", "scopeKind": ""}, {"name": "run()", "scope": "MembersModal", "scopeKind": "function", "description": "unavailable"}], "calls": ["loadMembers?.(chat.id)", "onAddMember?.(chat.id, { email: email.trim() })", "loadMembers?.(chat.id)", "onRemoveMember?.(chat.id, userId)", "loadMembers?.(chat.id)"], "search-terms": ["MembersModal", "React component", "group members", "add member", "remove member", "chat", "loadMembers", "onAddMember", "onRemoveMember"], "state": 2, "file_id": 24, "knowledge_revision": 55, "git_revision": "500e087e7514c1d0c03c2e2336d457f1129d5dd4", "ctags": [{"_type": "tag", "name": "MembersModal", "path": "/home/kavia/workspace/code-generation/secure-chat-messenger-321065-321074/messenger_frontend/src/components/MembersModal.js", "pattern": "/^export function MembersModal({$/", "language": "JavaScript", "kind": "function", "signature": "({ chat, loadMembers, onAddMember, onRemoveMember, onClose })"}, {"_type": "tag", "name": "onClose", "path": "/home/kavia/workspace/code-generation/secure-chat-messenger-321065-321074/messenger_frontend/src/components/MembersModal.js", "pattern": "/^      onClose={onClose}$/", "language": "JavaScript", "kind": "field", "scope": "MembersModal.onClose", "scopeKind": "class"}, {"_type": "tag", "name": "run", "path": "/home/kavia/workspace/code-generation/secure-chat-messenger-321065-321074/messenger_frontend/src/components/MembersModal.js", "pattern": "/^    async function run() {$/", "language": "JavaScript", "kind": "function", "signature": "()", "scope": "MembersModal", "scopeKind": "function"}], "hash": "eb79b4a56c35f88712f9ecc23eed4686", "format-version": 4, "code-base-name": "messenger_frontend", "filename": "messenger_frontend/src/components/MembersModal.js", "fields": [{"name": "onClose={onClose}", "scope": "MembersModal.onClose", "scopeKind": "class", "description": "unavailable"}], "revision_history": [{"55": "500e087e7514c1d0c03c2e2336d457f1129d5dd4"}]}