{"is_source_file": true, "file_id": 14, "git_revision": "", "state": 1, "description": "", "external_files": [], "external_methods": [], "published": [], "classes": [], "methods": [], "calls": [], "search-terms": [], "ctags": [{"_type": "tag", "name": "getMe", "path": "/home/kavia/workspace/code-generation/secure-chat-messenger-321065-321074/messenger_frontend/src/api/auth.js", "pattern": "/^export async function getMe(token) {$/", "language": "JavaScript", "kind": "function", "signature": "(token)"}, {"_type": "tag", "name": "healthCheck", "path": "/home/kavia/workspace/code-generation/secure-chat-messenger-321065-321074/messenger_frontend/src/api/auth.js", "pattern": "/^export async function healthCheck() {$/", "language": "JavaScript", "kind": "function", "signature": "()"}, {"_type": "tag", "name": "login", "path": "/home/kavia/workspace/code-generation/secure-chat-messenger-321065-321074/messenger_frontend/src/api/auth.js", "pattern": "/^export async function login({ email, password }) {$/", "language": "JavaScript", "kind": "function", "signature": "({ email, password })"}, {"_type": "tag", "name": "register", "path": "/home/kavia/workspace/code-generation/secure-chat-messenger-321065-321074/messenger_frontend/src/api/auth.js", "pattern": "/^export async function register({ email, password, displayName }) {$/", "language": "JavaScript", "kind": "function", "signature": "({ email, password, displayName })"}], "format": "JavaScript", "hash": "45234d890d699a9c80aca0d675f2f94d", "format-version": 4, "code-base-name": "messenger_frontend", "filename": "messenger_frontend/src/api/auth.js", "knowledge_revision": 30}