{"is_source_file": true, "format": "JavaScript", "description": "This file defines authentication-related API functions for the frontend, including login, registration, fetching user profile, and health check, utilizing API client methods.", "external_files": ["./client"], "external_methods": ["apiGet", "apiPost"], "published": ["login", "register", "getMe", "healthCheck"], "classes": [], "methods": [{"name": "login({ email, password })", "description": "Logs in a user with email and password, returning token and user info.", "scope": "", "scopeKind": ""}, {"name": "register({ email, password, displayName })", "description": "Registers a new user with email, password, and display name, returning token and user info.", "scope": "", "scopeKind": ""}, {"name": "getMe(token)", "description": "Fetches the current user's profile using an authentication token.", "scope": "", "scopeKind": ""}, {"name": "healthCheck()", "description": "Performs a basic health check on the backend.", "scope": "", "scopeKind": ""}], "calls": ["apiPost(\"/auth/login\", { email, password })", "apiPost(\"/auth/register\", { email, password, displayName })", "apiGet(\"/auth/me\", { token })", "apiGet(\"/\")"], "search-terms": ["auth", "api", "login", "register", "getMe", "healthCheck"], "state": 2, "file_id": 14, "knowledge_revision": 45, "git_revision": "500e087e7514c1d0c03c2e2336d457f1129d5dd4", "ctags": [{"_type": "tag", "name": "getMe", "path": "/home/kavia/workspace/code-generation/secure-chat-messenger-321065-321074/messenger_frontend/src/api/auth.js", "pattern": "/^export async function getMe(token) {$/", "language": "JavaScript", "kind": "function", "signature": "(token)"}, {"_type": "tag", "name": "healthCheck", "path": "/home/kavia/workspace/code-generation/secure-chat-messenger-321065-321074/messenger_frontend/src/api/auth.js", "pattern": "/^export async function healthCheck() {$/", "language": "JavaScript", "kind": "function", "signature": "()"}, {"_type": "tag", "name": "login", "path": "/home/kavia/workspace/code-generation/secure-chat-messenger-321065-321074/messenger_frontend/src/api/auth.js", "pattern": "/^export async function login({ email, password }) {$/", "language": "JavaScript", "kind": "function", "signature": "({ email, password })"}, {"_type": "tag", "name": "register", "path": "/home/kavia/workspace/code-generation/secure-chat-messenger-321065-321074/messenger_frontend/src/api/auth.js", "pattern": "/^export async function register({ email, password, displayName }) {$/", "language": "JavaScript", "kind": "function", "signature": "({ email, password, displayName })"}], "hash": "45234d890d699a9c80aca0d675f2f94d", "format-version": 4, "code-base-name": "messenger_frontend", "filename": "messenger_frontend/src/api/auth.js", "revision_history": [{"45": "500e087e7514c1d0c03c2e2336d457f1129d5dd4"}]}