{"is_source_file": true, "format": "JavaScript (React JSX)", "description": "This is a React functional component file defining the main App component for a front-end application. It manages theme toggling between light and dark modes and renders UI elements such as a toggle button, logo, and links.", "external_files": ["./logo.svg", "./App.css"], "external_methods": [], "published": ["App"], "classes": [], "methods": [{"name": "App()", "description": "Main React functional component rendering the application's UI with theme toggle functionality.", "scope": "", "scopeKind": ""}, {"name": "toggleTheme", "description": "Function to switch between light and dark themes by updating state."}], "calls": ["React.useState", "React.useEffect", "document.documentElement.setAttribute"], "search-terms": ["React functional component", "theme toggle", "useState", "useEffect", "App component", "light/dark mode"], "state": 2, "file_id": 10, "knowledge_revision": 25, "git_revision": "d6c577ba83e42fa6381999fe4ca049698ff4f7f7", "ctags": [{"_type": "tag", "name": "App", "path": "/home/kavia/workspace/code-generation/secure-chat-messenger-321065-321074/messenger_frontend/src/App.js", "pattern": "/^function App() {$/", "language": "JavaScript", "kind": "function", "signature": "()"}, {"_type": "tag", "name": "Switch to ${theme === 'light' ? 'dark' : 'light'} mode", "path": "/home/kavia/workspace/code-generation/secure-chat-messenger-321065-321074/messenger_frontend/src/App.js", "pattern": "/^          aria-label={`Switch to ${theme === 'light' ? 'dark' : 'light'} mode`}$/", "language": "JavaScript", "kind": "field", "scope": "App.aria", "scopeKind": "class"}, {"_type": "tag", "name": "toggleTheme", "path": "/home/kavia/workspace/code-generation/secure-chat-messenger-321065-321074/messenger_frontend/src/App.js", "pattern": "/^          onClick={toggleTheme}$/", "language": "JavaScript", "kind": "field", "scope": "App.onClick", "scopeKind": "class"}], "hash": "b55dd9e6a018e59207d8e277dffd9e11", "format-version": 4, "code-base-name": "messenger_frontend", "filename": "messenger_frontend/src/App.js", "fields": [{"name": "aria-label={`Switch to ${theme === 'light' ? 'dark' : 'light'} mode`}", "scope": "App.aria", "scopeKind": "class", "description": "unavailable"}, {"name": "onClick={toggleTheme}", "scope": "App.onClick", "scopeKind": "class", "description": "unavailable"}], "revision_history": [{"25": "d6c577ba83e42fa6381999fe4ca049698ff4f7f7"}]}