{"is_source_file": true, "format": "JavaScript", "description": "This is a React.js entry point file that initializes and renders the main App component into the DOM.", "external_files": ["react", "react-dom/client", "./index.css", "./App"], "external_methods": ["ReactDOM.createRoot", "ReactDOM.render"], "published": ["React", "ReactDOM"], "classes": [], "methods": [{"name": "ReactDOM.createRoot", "description": "Creates a root to render React components into a DOM node."}], "calls": ["ReactDOM.createRoot", "root.render"], "search-terms": ["React", "ReactDOM", "index.js", "createRoot", "render", "React.StrictMode", "App component", "frontend entry point"], "state": 2, "file_id": 6, "knowledge_revision": 24, "git_revision": "d6c577ba83e42fa6381999fe4ca049698ff4f7f7", "ctags": [{"_type": "tag", "name": "root", "path": "/home/kavia/workspace/code-generation/secure-chat-messenger-321065-321074/messenger_frontend/src/index.js", "pattern": "/^const root = ReactDOM.createRoot(document.getElementById('root'));$/", "language": "JavaScript", "kind": "constant"}], "hash": "9fc5841375336fc175b49f8767a11383", "format-version": 4, "code-base-name": "messenger_frontend", "filename": "messenger_frontend/src/index.js", "revision_history": [{"24": "d6c577ba83e42fa6381999fe4ca049698ff4f7f7"}]}