{"is_source_file": true, "format": "JavaScript (React JSX)", "description": "This file defines a React functional component named Modal that renders a customizable modal dialog with accessibility features, event handling for closing with ESC key and overlay click, and accepts children and footer content.", "external_files": ["react"], "external_methods": ["React", "useEffect"], "published": ["Modal"], "classes": [], "methods": [{"name": "Modal({ title, children, footer, onClose })", "description": "React functional component rendering a modal dialog with accessibility and interaction handling.", "scope": "", "scopeKind": ""}, {"name": "onKeyDown(e)", "scope": "Modal", "scopeKind": "function", "description": "unavailable"}], "calls": ["window.addEventListener", "window.removeEventListener"], "search-terms": ["React Modal component", "accessible modal dialog", "useEffect", "Escape key handler", "overlay click"], "state": 2, "file_id": 19, "knowledge_revision": 50, "git_revision": "500e087e7514c1d0c03c2e2336d457f1129d5dd4", "ctags": [{"_type": "tag", "name": "Modal", "path": "/home/kavia/workspace/code-generation/secure-chat-messenger-321065-321074/messenger_frontend/src/components/Modal.js", "pattern": "/^export function Modal({ title, children, footer, onClose }) {$/", "language": "JavaScript", "kind": "function", "signature": "({ title, children, footer, onClose })"}, {"_type": "tag", "name": "onKeyDown", "path": "/home/kavia/workspace/code-generation/secure-chat-messenger-321065-321074/messenger_frontend/src/components/Modal.js", "pattern": "/^    function onKeyDown(e) {$/", "language": "JavaScript", "kind": "function", "signature": "(e)", "scope": "Modal", "scopeKind": "function"}, {"_type": "tag", "name": "title", "path": "/home/kavia/workspace/code-generation/secure-chat-messenger-321065-321074/messenger_frontend/src/components/Modal.js", "pattern": "/^      aria-label={title || \"Dialog\"}$/", "language": "JavaScript", "kind": "field", "scope": "Modal.aria", "scopeKind": "class"}], "hash": "45ee4883870e8b2a9c882d71a77bcde5", "format-version": 4, "code-base-name": "messenger_frontend", "filename": "messenger_frontend/src/components/Modal.js", "fields": [{"name": "aria-label={title || \"Dialog\"}", "scope": "Modal.aria", "scopeKind": "class", "description": "unavailable"}], "revision_history": [{"50": "500e087e7514c1d0c03c2e2336d457f1129d5dd4"}]}