{"is_source_file": false, "format": "", "description": "", "external_files": [], "external_methods": [], "published": [], "classes": [], "methods": [], "calls": [], "search-terms": [], "state": 2, "file_id": 5, "knowledge_revision": 18, "git_revision": "d6c577ba83e42fa6381999fe4ca049698ff4f7f7", "hash": "ebece526bc2eadd78ddd787a76c56607", "format-version": 4, "code-base-name": "messenger_frontend", "filename": "messenger_frontend/README.md", "revision_history": [{"18": "d6c577ba83e42fa6381999fe4ca049698ff4f7f7"}]}