{"is_source_file": true, "format": "JavaScript", "description": "This file is a setup script for configuring testing environment, specifically importing custom matchers from '@testing-library/jest-dom' for use with Jest testing framework.", "external_files": ["@testing-library/jest-dom"], "external_methods": ["expect", "toHaveTextContent"], "published": [], "classes": [], "methods": [], "calls": [], "search-terms": ["setupTests.js", "jest-dom", "testing-library", "jest matchers", "testing configuration"], "state": 2, "file_id": 7, "knowledge_revision": 23, "git_revision": "d6c577ba83e42fa6381999fe4ca049698ff4f7f7", "ctags": [], "hash": "1a77571e1a8cf36018a41bcedf60db75", "format-version": 4, "code-base-name": "messenger_frontend", "filename": "messenger_frontend/src/setupTests.js", "revision_history": [{"23": "d6c577ba83e42fa6381999fe4ca049698ff4f7f7"}]}