{"is_source_file": true, "format": "JavaScript (React component)", "description": "This file defines a React functional component 'CreateGroupModal' that provides UI for creating a new group chat, including form inputs for group name and member emails, and handles creating the group through asynchronous callbacks.", "external_files": ["./Modal"], "external_methods": ["Modal"], "published": ["CreateGroupModal"], "classes": [], "methods": [{"name": "CreateGroupModal({ onClose, onCreate })", "description": "React functional component for rendering a modal dialog to create a new group chat, managing form state, parsing input emails, and handling create/cancel actions.", "scope": "", "scopeKind": ""}, {"name": "parseEmails(raw)", "description": "Parses a raw string of emails separated by commas or newlines into an array of trimmed email strings.", "scope": "CreateGroupModal", "scopeKind": "function"}], "calls": ["useState", "setName", "setMembersRaw", "setError", "parseEmails", "onCreate", "onClose"], "search-terms": ["CreateGroupModal", "React component", "modal", "create group", "group name", "invite members", "email parsing", "form", "React state"], "state": 2, "file_id": 23, "knowledge_revision": 54, "git_revision": "500e087e7514c1d0c03c2e2336d457f1129d5dd4", "ctags": [{"_type": "tag", "name": "CreateGroupModal", "path": "/home/kavia/workspace/code-generation/secure-chat-messenger-321065-321074/messenger_frontend/src/components/CreateGroupModal.js", "pattern": "/^export function CreateGroupModal({ onClose, onCreate }) {$/", "language": "JavaScript", "kind": "function", "signature": "({ onClose, onCreate })"}, {"_type": "tag", "name": "comn(optional)", "path": "/home/kavia/workspace/code-generation/secure-chat-messenger-321065-321074/messenger_frontend/src/components/CreateGroupModal.js", "pattern": "/^            placeholder={\"alex@company.com, sam@company.com\\\\n(optional)\"}$/", "language": "JavaScript", "kind": "field", "scope": "CreateGroupModal.placeholder.alex@company.com, sam@company", "scopeKind": "class"}, {"_type": "tag", "name": "membersRaw", "path": "/home/kavia/workspace/code-generation/secure-chat-messenger-321065-321074/messenger_frontend/src/components/CreateGroupModal.js", "pattern": "/^            value={membersRaw}$/", "language": "JavaScript", "kind": "field", "scope": "CreateGroupModal.value", "scopeKind": "class"}, {"_type": "tag", "name": "name", "path": "/home/kavia/workspace/code-generation/secure-chat-messenger-321065-321074/messenger_frontend/src/components/CreateGroupModal.js", "pattern": "/^            value={name}$/", "language": "JavaScript", "kind": "field", "scope": "CreateGroupModal.value", "scopeKind": "class"}, {"_type": "tag", "name": "onClose", "path": "/home/kavia/workspace/code-generation/secure-chat-messenger-321065-321074/messenger_frontend/src/components/CreateGroupModal.js", "pattern": "/^      onClose={onClose}$/", "language": "JavaScript", "kind": "field", "scope": "CreateGroupModal.onClose", "scopeKind": "class"}, {"_type": "tag", "name": "parseEmails", "path": "/home/kavia/workspace/code-generation/secure-chat-messenger-321065-321074/messenger_frontend/src/components/CreateGroupModal.js", "pattern": "/^  function parseEmails(raw) {$/", "language": "JavaScript", "kind": "function", "signature": "(raw)", "scope": "CreateGroupModal", "scopeKind": "function"}], "hash": "934257956c4191297deb7c773287905b", "format-version": 4, "code-base-name": "messenger_frontend", "filename": "messenger_frontend/src/components/CreateGroupModal.js", "fields": [{"name": "placeholder={\"alex@company.com, sam@company.com\\\\n(optional)\"}", "scope": "CreateGroupModal.placeholder.alex@company.com, sam@company", "scopeKind": "class", "description": "unavailable"}, {"name": "value={membersRaw}", "scope": "CreateGroupModal.value", "scopeKind": "class", "description": "unavailable"}, {"name": "value={name}", "scope": "CreateGroupModal.value", "scopeKind": "class", "description": "unavailable"}, {"name": "onClose={onClose}", "scope": "CreateGroupModal.onClose", "scopeKind": "class", "description": "unavailable"}], "revision_history": [{"54": "500e087e7514c1d0c03c2e2336d457f1129d5dd4"}]}