{"is_source_file": true, "format": "JavaScript", "description": "This file manages user session persistence by providing functions to load, save, and clear session data using localStorage in a web application.", "external_files": ["localStorage (browser API)"], "external_methods": ["localStorage.getItem", "localStorage.setItem", "localStorage.removeItem"], "published": ["loadSession", "saveSession", "clearSession"], "classes": [], "methods": [{"name": "loadSession()", "description": "Loads session data from localStorage, parsing JSON and returning token and user info.", "scope": "", "scopeKind": ""}, {"name": "saveSession({ token, user })", "description": "Persists session data (token and user) to localStorage as a JSON string.", "scope": "", "scopeKind": ""}, {"name": "clearSession()", "description": "Removes session data from localStorage.", "scope": "", "scopeKind": ""}], "calls": ["localStorage.getItem", "JSON.parse", "localStorage.setItem", "localStorage.removeItem"], "search-terms": ["session management", "localStorage", "auth session", "session.js", "secure chat"], "state": 2, "file_id": 16, "knowledge_revision": 47, "git_revision": "500e087e7514c1d0c03c2e2336d457f1129d5dd4", "ctags": [{"_type": "tag", "name": "STORAGE_KEY", "path": "/home/kavia/workspace/code-generation/secure-chat-messenger-321065-321074/messenger_frontend/src/auth/session.js", "pattern": "/^const STORAGE_KEY = \"scm_session_v1\";$/", "language": "JavaScript", "kind": "constant"}, {"_type": "tag", "name": "clearSession", "path": "/home/kavia/workspace/code-generation/secure-chat-messenger-321065-321074/messenger_frontend/src/auth/session.js", "pattern": "/^export function clearSession() {$/", "language": "JavaScript", "kind": "function", "signature": "()"}, {"_type": "tag", "name": "loadSession", "path": "/home/kavia/workspace/code-generation/secure-chat-messenger-321065-321074/messenger_frontend/src/auth/session.js", "pattern": "/^export function loadSession() {$/", "language": "JavaScript", "kind": "function", "signature": "()"}, {"_type": "tag", "name": "saveSession", "path": "/home/kavia/workspace/code-generation/secure-chat-messenger-321065-321074/messenger_frontend/src/auth/session.js", "pattern": "/^export function saveSession({ token, user }) {$/", "language": "JavaScript", "kind": "function", "signature": "({ token, user })"}], "hash": "226dc4ffe90c14d8d35017de812ebcca", "format-version": 4, "code-base-name": "messenger_frontend", "filename": "messenger_frontend/src/auth/session.js", "revision_history": [{"47": "500e087e7514c1d0c03c2e2336d457f1129d5dd4"}]}