{"is_source_file": true, "format": "JavaScript (React JSX)", "description": "This file defines the main App component for a React-based chat application front-end. It sets up routing, authentication context, and protected routes for messaging and authentication pages.", "external_files": ["./auth/AuthContext", "./routes/RequireAuth", "./pages/LoginPage", "./pages/RegisterPage", "./pages/MessengerPage", "./App.css"], "external_methods": ["React", "BrowserRouter", "Navigate", "Route", "Routes", "AuthProvider", "RequireAuth", "LoginPage", "RegisterPage", "MessengerPage"], "published": ["App"], "classes": [], "methods": [{"name": "App()", "description": "Main application component that provides routing and authentication context.", "scope": "", "scopeKind": ""}], "calls": ["React", "AuthProvider", "BrowserRouter", "Routes", "Route", "RequireAuth", "MessengerPage", "LoginPage", "RegisterPage", "Navigate"], "search-terms": ["React routing", "Authentication context", "RequireAuth", "MessengerPage", "LoginPage", "RegisterPage", "React component"], "state": 2, "file_id": 10, "knowledge_revision": 42, "git_revision": "500e087e7514c1d0c03c2e2336d457f1129d5dd4", "revision_history": [{"25": "d6c577ba83e42fa6381999fe4ca049698ff4f7f7"}, {"42": "500e087e7514c1d0c03c2e2336d457f1129d5dd4"}], "ctags": [{"_type": "tag", "name": "App", "path": "/home/kavia/workspace/code-generation/secure-chat-messenger-321065-321074/messenger_frontend/src/App.js", "pattern": "/^function App() {$/", "language": "JavaScript", "kind": "function", "signature": "()"}], "hash": "c995ca171cfc98048264a1a27cc52615", "format-version": 4, "code-base-name": "messenger_frontend", "filename": "messenger_frontend/src/App.js"}