{"is_source_file": true, "format": "JavaScript", "description": "This file defines a React functional component called RequireAuth that acts as a route guard, protecting routes that require user authentication by checking auth state from context and conditionally rendering or redirecting.", "external_files": ["../auth/AuthContext", "react", "react-router-dom"], "external_methods": ["useAuth", "useLocation", "Navigate"], "published": ["RequireAuth"], "classes": [], "methods": [{"name": "RequireAuth({ children })", "description": "A React component that wraps its children and enforces authentication. It displays a loading message while bootstrapping, redirects to login if the user is not authenticated, and renders children if authenticated.", "scope": "", "scopeKind": ""}], "calls": ["useAuth", "useLocation", "Navigate"], "search-terms": ["RequireAuth", "React route guard", "authentication protection", "React useAuth", "react-router-dom Navigate"], "state": 2, "file_id": 18, "knowledge_revision": 49, "git_revision": "500e087e7514c1d0c03c2e2336d457f1129d5dd4", "ctags": [{"_type": "tag", "name": "RequireAuth", "path": "/home/kavia/workspace/code-generation/secure-chat-messenger-321065-321074/messenger_frontend/src/routes/RequireAuth.js", "pattern": "/^export function RequireAuth({ children }) {$/", "language": "JavaScript", "kind": "function", "signature": "({ children })"}], "hash": "0daecb68f6594f0b0367b6d1b4ba9d2f", "format-version": 4, "code-base-name": "messenger_frontend", "filename": "messenger_frontend/src/routes/RequireAuth.js", "revision_history": [{"49": "500e087e7514c1d0c03c2e2336d457f1129d5dd4"}]}