{"is_source_file": true, "format": "JavaScript (React JSX)", "description": "This file defines a React component for the user registration page in a chat application. It includes form fields for display name, email, and password, handles form submission to register a new user, and manages navigation upon success.", "external_files": ["../auth/AuthContext", "react-router-dom"], "external_methods": ["useAuth()", "useNavigate()", "Link"], "published": [], "classes": [], "methods": [{"name": "onSubmit(e)", "description": "Handles form submission for user registration, manages loading state, error handling, and redirects upon successful registration.", "scope": "RegisterPage", "scopeKind": "function"}, {"name": "RegisterPage()", "scope": "", "scopeKind": "", "description": "unavailable"}], "calls": ["useAuth()", "useNavigate()", "setDisplayName", "setEmail", "setPassword", "register()", "nav()", "setError", "setBusy", "setError", "setBusy"], "search-terms": ["RegisterPage", "useAuth", "react-router-dom", "registration form", "create account"], "state": 2, "file_id": 22, "knowledge_revision": 53, "git_revision": "500e087e7514c1d0c03c2e2336d457f1129d5dd4", "ctags": [{"_type": "tag", "name": "8", "path": "/home/kavia/workspace/code-generation/secure-chat-messenger-321065-321074/messenger_frontend/src/pages/RegisterPage.js", "pattern": "/^              minLength={8}$/", "language": "JavaScript", "kind": "field", "scope": "RegisterPage.minLength", "scopeKind": "class"}, {"_type": "tag", "name": "RegisterPage", "path": "/home/kavia/workspace/code-generation/secure-chat-messenger-321065-321074/messenger_frontend/src/pages/RegisterPage.js", "pattern": "/^export default function RegisterPage() {$/", "language": "JavaScript", "kind": "function", "signature": "()"}, {"_type": "tag", "name": "displayName", "path": "/home/kavia/workspace/code-generation/secure-chat-messenger-321065-321074/messenger_frontend/src/pages/RegisterPage.js", "pattern": "/^              value={displayName}$/", "language": "JavaScript", "kind": "field", "scope": "RegisterPage.value", "scopeKind": "class"}, {"_type": "tag", "name": "email", "path": "/home/kavia/workspace/code-generation/secure-chat-messenger-321065-321074/messenger_frontend/src/pages/RegisterPage.js", "pattern": "/^              value={email}$/", "language": "JavaScript", "kind": "field", "scope": "RegisterPage.value", "scopeKind": "class"}, {"_type": "tag", "name": "onSubmit", "path": "/home/kavia/workspace/code-generation/secure-chat-messenger-321065-321074/messenger_frontend/src/pages/RegisterPage.js", "pattern": "/^  async function onSubmit(e) {$/", "language": "JavaScript", "kind": "function", "signature": "(e)", "scope": "RegisterPage", "scopeKind": "function"}, {"_type": "tag", "name": "password", "path": "/home/kavia/workspace/code-generation/secure-chat-messenger-321065-321074/messenger_frontend/src/pages/RegisterPage.js", "pattern": "/^              value={password}$/", "language": "JavaScript", "kind": "field", "scope": "RegisterPage.value", "scopeKind": "class"}], "hash": "af595d8222250a0f66e3ed36055b8740", "format-version": 4, "code-base-name": "messenger_frontend", "filename": "messenger_frontend/src/pages/RegisterPage.js", "fields": [{"name": "minLength={8}", "scope": "RegisterPage.minLength", "scopeKind": "class", "description": "unavailable"}, {"name": "value={displayName}", "scope": "RegisterPage.value", "scopeKind": "class", "description": "unavailable"}, {"name": "value={email}", "scope": "RegisterPage.value", "scopeKind": "class", "description": "unavailable"}, {"name": "value={password}", "scope": "RegisterPage.value", "scopeKind": "class", "description": "unavailable"}], "revision_history": [{"53": "500e087e7514c1d0c03c2e2336d457f1129d5dd4"}]}