{"is_source_file": true, "file_id": 16, "git_revision": "", "state": 1, "description": "", "external_files": [], "external_methods": [], "published": [], "classes": [], "methods": [], "calls": [], "search-terms": [], "ctags": [{"_type": "tag", "name": "STORAGE_KEY", "path": "/home/kavia/workspace/code-generation/secure-chat-messenger-321065-321074/messenger_frontend/src/auth/session.js", "pattern": "/^const STORAGE_KEY = \"scm_session_v1\";$/", "language": "JavaScript", "kind": "constant"}, {"_type": "tag", "name": "clearSession", "path": "/home/kavia/workspace/code-generation/secure-chat-messenger-321065-321074/messenger_frontend/src/auth/session.js", "pattern": "/^export function clearSession() {$/", "language": "JavaScript", "kind": "function", "signature": "()"}, {"_type": "tag", "name": "loadSession", "path": "/home/kavia/workspace/code-generation/secure-chat-messenger-321065-321074/messenger_frontend/src/auth/session.js", "pattern": "/^export function loadSession() {$/", "language": "JavaScript", "kind": "function", "signature": "()"}, {"_type": "tag", "name": "saveSession", "path": "/home/kavia/workspace/code-generation/secure-chat-messenger-321065-321074/messenger_frontend/src/auth/session.js", "pattern": "/^export function saveSession({ token, user }) {$/", "language": "JavaScript", "kind": "function", "signature": "({ token, user })"}], "format": "JavaScript", "hash": "226dc4ffe90c14d8d35017de812ebcca", "format-version": 4, "code-base-name": "messenger_frontend", "filename": "messenger_frontend/src/auth/session.js", "knowledge_revision": 32}