{"is_source_file": true, "format": "JavaScript (React)", "description": "This file implements the LoginPage component for the secure chat messenger web application. It provides a user interface for users to input email and password, handles authentication logic via the useAuth context, and manages routing upon login success or failure.", "external_files": ["../auth/AuthContext", "react-router-dom"], "external_methods": ["useAuth", "useNavigate", "useLocation", "Link"], "published": [], "classes": [], "methods": [{"name": "onSubmit(e)", "description": "Handles form submission, calls login function from context, manages loading state, and navigates upon successful login.", "scope": "LoginPage", "scopeKind": "function"}, {"name": "LoginPage()", "scope": "", "scopeKind": "", "description": "unavailable"}], "calls": ["useAuth", "useNavigate", "useLocation", "login", "nav", "setError", "setBusy", "setEmail", "setPassword", "e.preventDefault", "login({ email, password })", "nav(redirectTo, { replace: true })"], "search-terms": ["LoginPage", "React", "useAuth", "react-router-dom", "authentication", "sign in", "authHeader", "useNavigate", "useLocation"], "state": 2, "file_id": 21, "knowledge_revision": 52, "git_revision": "500e087e7514c1d0c03c2e2336d457f1129d5dd4", "ctags": [{"_type": "tag", "name": "LoginPage", "path": "/home/kavia/workspace/code-generation/secure-chat-messenger-321065-321074/messenger_frontend/src/pages/LoginPage.js", "pattern": "/^export default function LoginPage() {$/", "language": "JavaScript", "kind": "function", "signature": "()"}, {"_type": "tag", "name": "email", "path": "/home/kavia/workspace/code-generation/secure-chat-messenger-321065-321074/messenger_frontend/src/pages/LoginPage.js", "pattern": "/^              value={email}$/", "language": "JavaScript", "kind": "field", "scope": "LoginPage.value", "scopeKind": "class"}, {"_type": "tag", "name": "onSubmit", "path": "/home/kavia/workspace/code-generation/secure-chat-messenger-321065-321074/messenger_frontend/src/pages/LoginPage.js", "pattern": "/^  async function onSubmit(e) {$/", "language": "JavaScript", "kind": "function", "signature": "(e)", "scope": "LoginPage", "scopeKind": "function"}, {"_type": "tag", "name": "password", "path": "/home/kavia/workspace/code-generation/secure-chat-messenger-321065-321074/messenger_frontend/src/pages/LoginPage.js", "pattern": "/^              value={password}$/", "language": "JavaScript", "kind": "field", "scope": "LoginPage.value", "scopeKind": "class"}], "hash": "26d655800878d2308bd3e19aa19bfa6e", "format-version": 4, "code-base-name": "messenger_frontend", "filename": "messenger_frontend/src/pages/LoginPage.js", "fields": [{"name": "value={email}", "scope": "LoginPage.value", "scopeKind": "class", "description": "unavailable"}, {"name": "value={password}", "scope": "LoginPage.value", "scopeKind": "class", "description": "unavailable"}], "revision_history": [{"52": "500e087e7514c1d0c03c2e2336d457f1129d5dd4"}]}