{"is_source_file": true, "format": "JavaScript", "description": "This file defines a minimal REST client with support for bearer tokens, environment-based base URL configuration, timeout handling, and helper functions for GET, POST, PUT, and DELETE HTTP methods.", "external_files": ["node-fetch", "AbortController"], "external_methods": ["fetch"], "published": ["apiGet", "apiPost", "apiPut", "apiDelete"], "classes": [], "methods": [{"name": "getApiBaseUrl()", "description": "Retrieves the API base URL from environment variables or defaults to an empty string.", "scope": "", "scopeKind": ""}, {"name": "request(path, { method = \"GET\", token, body, headers } = {})", "description": "Performs an HTTP request with timeout, error handling, and support for JSON/text responses.", "scope": "", "scopeKind": ""}, {"name": "apiGet(path, opts)", "description": "Helper for GET requests.", "scope": "", "scopeKind": ""}, {"name": "apiPost(path, body, opts)", "description": "Helper for POST requests.", "scope": "", "scopeKind": ""}, {"name": "apiPut(path, body, opts)", "description": "Helper for PUT requests.", "scope": "", "scopeKind": ""}, {"name": "apiDelete(path, opts)", "description": "Helper for DELETE requests.", "scope": "", "scopeKind": ""}], "calls": ["fetch", "clearTimeout", "setTimeout", "res.headers.get", "res.json", "res.text"], "search-terms": ["REST client", "bearer token", "environment variable", "fetch wrapper", "timeout", "API request helpers"], "state": 2, "file_id": 13, "knowledge_revision": 44, "git_revision": "500e087e7514c1d0c03c2e2336d457f1129d5dd4", "ctags": [{"_type": "tag", "name": "DEFAULT_TIMEOUT_MS", "path": "/home/kavia/workspace/code-generation/secure-chat-messenger-321065-321074/messenger_frontend/src/api/client.js", "pattern": "/^const DEFAULT_TIMEOUT_MS = 20_000;$/", "language": "JavaScript", "kind": "constant"}, {"_type": "tag", "name": "apiDelete", "path": "/home/kavia/workspace/code-generation/secure-chat-messenger-321065-321074/messenger_frontend/src/api/client.js", "pattern": "/^export function apiDelete(path, opts) {$/", "language": "JavaScript", "kind": "function", "signature": "(path, opts)"}, {"_type": "tag", "name": "apiGet", "path": "/home/kavia/workspace/code-generation/secure-chat-messenger-321065-321074/messenger_frontend/src/api/client.js", "pattern": "/^export function apiGet(path, opts) {$/", "language": "JavaScript", "kind": "function", "signature": "(path, opts)"}, {"_type": "tag", "name": "apiPost", "path": "/home/kavia/workspace/code-generation/secure-chat-messenger-321065-321074/messenger_frontend/src/api/client.js", "pattern": "/^export function apiPost(path, body, opts) {$/", "language": "JavaScript", "kind": "function", "signature": "(path, body, opts)"}, {"_type": "tag", "name": "apiPut", "path": "/home/kavia/workspace/code-generation/secure-chat-messenger-321065-321074/messenger_frontend/src/api/client.js", "pattern": "/^export function apiPut(path, body, opts) {$/", "language": "JavaScript", "kind": "function", "signature": "(path, body, opts)"}, {"_type": "tag", "name": "getApiBaseUrl", "path": "/home/kavia/workspace/code-generation/secure-chat-messenger-321065-321074/messenger_frontend/src/api/client.js", "pattern": "/^function getApiBaseUrl() {$/", "language": "JavaScript", "kind": "function", "signature": "()"}, {"_type": "tag", "name": "request", "path": "/home/kavia/workspace/code-generation/secure-chat-messenger-321065-321074/messenger_frontend/src/api/client.js", "pattern": "/^async function request(path, { method = \"GET\", token, body, headers } = {}) {$/", "language": "JavaScript", "kind": "function", "signature": "(path, { method = \"GET\", token, body, headers } = {})"}], "hash": "e54a9e973da38cbd4071a675cc182506", "format-version": 4, "code-base-name": "messenger_frontend", "filename": "messenger_frontend/src/api/client.js", "revision_history": [{"44": "500e087e7514c1d0c03c2e2336d457f1129d5dd4"}]}