{"is_source_file": true, "file_id": 13, "git_revision": "", "state": 1, "description": "", "external_files": [], "external_methods": [], "published": [], "classes": [], "methods": [], "calls": [], "search-terms": [], "ctags": [{"_type": "tag", "name": "DEFAULT_TIMEOUT_MS", "path": "/home/kavia/workspace/code-generation/secure-chat-messenger-321065-321074/messenger_frontend/src/api/client.js", "pattern": "/^const DEFAULT_TIMEOUT_MS = 20_000;$/", "language": "JavaScript", "kind": "constant"}, {"_type": "tag", "name": "apiDelete", "path": "/home/kavia/workspace/code-generation/secure-chat-messenger-321065-321074/messenger_frontend/src/api/client.js", "pattern": "/^export function apiDelete(path, opts) {$/", "language": "JavaScript", "kind": "function", "signature": "(path, opts)"}, {"_type": "tag", "name": "apiGet", "path": "/home/kavia/workspace/code-generation/secure-chat-messenger-321065-321074/messenger_frontend/src/api/client.js", "pattern": "/^export function apiGet(path, opts) {$/", "language": "JavaScript", "kind": "function", "signature": "(path, opts)"}, {"_type": "tag", "name": "apiPost", "path": "/home/kavia/workspace/code-generation/secure-chat-messenger-321065-321074/messenger_frontend/src/api/client.js", "pattern": "/^export function apiPost(path, body, opts) {$/", "language": "JavaScript", "kind": "function", "signature": "(path, body, opts)"}, {"_type": "tag", "name": "apiPut", "path": "/home/kavia/workspace/code-generation/secure-chat-messenger-321065-321074/messenger_frontend/src/api/client.js", "pattern": "/^export function apiPut(path, body, opts) {$/", "language": "JavaScript", "kind": "function", "signature": "(path, body, opts)"}, {"_type": "tag", "name": "getApiBaseUrl", "path": "/home/kavia/workspace/code-generation/secure-chat-messenger-321065-321074/messenger_frontend/src/api/client.js", "pattern": "/^function getApiBaseUrl() {$/", "language": "JavaScript", "kind": "function", "signature": "()"}, {"_type": "tag", "name": "request", "path": "/home/kavia/workspace/code-generation/secure-chat-messenger-321065-321074/messenger_frontend/src/api/client.js", "pattern": "/^async function request(path, { method = \"GET\", token, body, headers } = {}) {$/", "language": "JavaScript", "kind": "function", "signature": "(path, { method = \"GET\", token, body, headers } = {})"}], "format": "JavaScript", "hash": "e54a9e973da38cbd4071a675cc182506", "format-version": 4, "code-base-name": "messenger_frontend", "filename": "messenger_frontend/src/api/client.js", "knowledge_revision": 29}