{"is_source_file": true, "file_id": 19, "git_revision": "", "state": 1, "description": "", "external_files": [], "external_methods": [], "published": [], "classes": [], "methods": [], "calls": [], "search-terms": [], "ctags": [{"_type": "tag", "name": "Modal", "path": "/home/kavia/workspace/code-generation/secure-chat-messenger-321065-321074/messenger_frontend/src/components/Modal.js", "pattern": "/^export function Modal({ title, children, footer, onClose }) {$/", "language": "JavaScript", "kind": "function", "signature": "({ title, children, footer, onClose })"}, {"_type": "tag", "name": "onKeyDown", "path": "/home/kavia/workspace/code-generation/secure-chat-messenger-321065-321074/messenger_frontend/src/components/Modal.js", "pattern": "/^    function onKeyDown(e) {$/", "language": "JavaScript", "kind": "function", "signature": "(e)", "scope": "Modal", "scopeKind": "function"}, {"_type": "tag", "name": "title", "path": "/home/kavia/workspace/code-generation/secure-chat-messenger-321065-321074/messenger_frontend/src/components/Modal.js", "pattern": "/^      aria-label={title || \"Dialog\"}$/", "language": "JavaScript", "kind": "field", "scope": "Modal.aria", "scopeKind": "class"}], "format": "JavaScript", "hash": "45ee4883870e8b2a9c882d71a77bcde5", "format-version": 4, "code-base-name": "messenger_frontend", "filename": "messenger_frontend/src/components/Modal.js", "knowledge_revision": 35}