{"is_source_file": true, "file_id": 15, "git_revision": "", "state": 1, "description": "", "external_files": [], "external_methods": [], "published": [], "classes": [], "methods": [], "calls": [], "search-terms": [], "ctags": [{"_type": "tag", "name": "addMember", "path": "/home/kavia/workspace/code-generation/secure-chat-messenger-321065-321074/messenger_frontend/src/api/chats.js", "pattern": "/^export function addMember(token, chatId, { email }) {$/", "language": "JavaScript", "kind": "function", "signature": "(token, chatId, { email })"}, {"_type": "tag", "name": "createChat", "path": "/home/kavia/workspace/code-generation/secure-chat-messenger-321065-321074/messenger_frontend/src/api/chats.js", "pattern": "/^export function createChat(token, { name, memberEmails }) {$/", "language": "JavaScript", "kind": "function", "signature": "(token, { name, memberEmails })"}, {"_type": "tag", "name": "listChats", "path": "/home/kavia/workspace/code-generation/secure-chat-messenger-321065-321074/messenger_frontend/src/api/chats.js", "pattern": "/^export function listChats(token) {$/", "language": "JavaScript", "kind": "function", "signature": "(token)"}, {"_type": "tag", "name": "listMembers", "path": "/home/kavia/workspace/code-generation/secure-chat-messenger-321065-321074/messenger_frontend/src/api/chats.js", "pattern": "/^export function listMembers(token, chatId) {$/", "language": "JavaScript", "kind": "function", "signature": "(token, chatId)"}, {"_type": "tag", "name": "listMessages", "path": "/home/kavia/workspace/code-generation/secure-chat-messenger-321065-321074/messenger_frontend/src/api/chats.js", "pattern": "/^export function listMessages(token, chatId) {$/", "language": "JavaScript", "kind": "function", "signature": "(token, chatId)"}, {"_type": "tag", "name": "removeMember", "path": "/home/kavia/workspace/code-generation/secure-chat-messenger-321065-321074/messenger_frontend/src/api/chats.js", "pattern": "/^export function removeMember(token, chatId, userId) {$/", "language": "JavaScript", "kind": "function", "signature": "(token, chatId, userId)"}, {"_type": "tag", "name": "sendMessage", "path": "/home/kavia/workspace/code-generation/secure-chat-messenger-321065-321074/messenger_frontend/src/api/chats.js", "pattern": "/^export function sendMessage(token, chatId, { text }) {$/", "language": "JavaScript", "kind": "function", "signature": "(token, chatId, { text })"}], "format": "JavaScript", "hash": "eba5a5b4cc7ce71daaf3f887b987abd1", "format-version": 4, "code-base-name": "messenger_frontend", "filename": "messenger_frontend/src/api/chats.js", "knowledge_revision": 31}