{"is_source_file": false, "format": "", "description": "", "external_files": [], "external_methods": [], "published": [], "classes": [], "methods": [], "calls": [], "search-terms": [], "state": 2, "file_id": 4, "knowledge_revision": 15, "git_revision": "d6c577ba83e42fa6381999fe4ca049698ff4f7f7", "hash": "d9d975cebe2ec20b6c652e1e4c12ccf0", "format-version": 4, "code-base-name": "messenger_frontend", "filename": "messenger_frontend/public/manifest.json", "revision_history": [{"15": "d6c577ba83e42fa6381999fe4ca049698ff4f7f7"}]}