{"is_source_file": true, "format": "JavaScript", "description": "This file defines a set of functions that interact with a REST API for managing chat rooms/groups, messages, and members in a chat application. It includes functions for listing chats, creating chats, listing messages, sending messages, listing members, adding members, and removing members.", "external_files": ["./client"], "external_methods": ["apiGet", "apiPost", "apiDelete"], "published": ["listChats", "createChat", "listMessages", "sendMessage", "listMembers", "addMember", "removeMember"], "classes": [], "methods": [{"name": "listChats(token)", "description": "Lists chats/groups for the current user by calling the GET /chats endpoint.", "scope": "", "scopeKind": ""}, {"name": "createChat(token, { name, memberEmails })", "description": "Creates a new group chat with specified name and optional member emails by calling the POST /chats endpoint.", "scope": "", "scopeKind": ""}, {"name": "listMessages(token, chatId)", "description": "Lists messages for a specific chat identified by chatId by calling GET /chats/{chatId}/messages.", "scope": "", "scopeKind": ""}, {"name": "sendMessage(token, chatId, { text })", "description": "Sends a message to a specific chat identified by chatId by calling POST /chats/{chatId}/messages with message text.", "scope": "", "scopeKind": ""}, {"name": "listMembers(token, chatId)", "description": "Lists members of a specific chat identified by chatId by calling GET /chats/{chatId}/members.", "scope": "", "scopeKind": ""}, {"name": "addMember(token, chatId, { email })", "description": "Adds a member to a chat by email, calling POST /chats/{chatId}/members.", "scope": "", "scopeKind": ""}, {"name": "removeMember(token, chatId, userId)", "description": "Removes a member from a chat by userId, calling DELETE /chats/{chatId}/members/{userId}.", "scope": "", "scopeKind": ""}], "calls": ["apiGet", "apiPost", "apiGet", "apiPost", "apiGet", "apiPost", "apiDelete"], "search-terms": ["chat API functions", "chat management", "group chat", "messaging functions", "member management in chats"], "state": 2, "file_id": 15, "knowledge_revision": 46, "git_revision": "500e087e7514c1d0c03c2e2336d457f1129d5dd4", "ctags": [{"_type": "tag", "name": "addMember", "path": "/home/kavia/workspace/code-generation/secure-chat-messenger-321065-321074/messenger_frontend/src/api/chats.js", "pattern": "/^export function addMember(token, chatId, { email }) {$/", "language": "JavaScript", "kind": "function", "signature": "(token, chatId, { email })"}, {"_type": "tag", "name": "createChat", "path": "/home/kavia/workspace/code-generation/secure-chat-messenger-321065-321074/messenger_frontend/src/api/chats.js", "pattern": "/^export function createChat(token, { name, memberEmails }) {$/", "language": "JavaScript", "kind": "function", "signature": "(token, { name, memberEmails })"}, {"_type": "tag", "name": "listChats", "path": "/home/kavia/workspace/code-generation/secure-chat-messenger-321065-321074/messenger_frontend/src/api/chats.js", "pattern": "/^export function listChats(token) {$/", "language": "JavaScript", "kind": "function", "signature": "(token)"}, {"_type": "tag", "name": "listMembers", "path": "/home/kavia/workspace/code-generation/secure-chat-messenger-321065-321074/messenger_frontend/src/api/chats.js", "pattern": "/^export function listMembers(token, chatId) {$/", "language": "JavaScript", "kind": "function", "signature": "(token, chatId)"}, {"_type": "tag", "name": "listMessages", "path": "/home/kavia/workspace/code-generation/secure-chat-messenger-321065-321074/messenger_frontend/src/api/chats.js", "pattern": "/^export function listMessages(token, chatId) {$/", "language": "JavaScript", "kind": "function", "signature": "(token, chatId)"}, {"_type": "tag", "name": "removeMember", "path": "/home/kavia/workspace/code-generation/secure-chat-messenger-321065-321074/messenger_frontend/src/api/chats.js", "pattern": "/^export function removeMember(token, chatId, userId) {$/", "language": "JavaScript", "kind": "function", "signature": "(token, chatId, userId)"}, {"_type": "tag", "name": "sendMessage", "path": "/home/kavia/workspace/code-generation/secure-chat-messenger-321065-321074/messenger_frontend/src/api/chats.js", "pattern": "/^export function sendMessage(token, chatId, { text }) {$/", "language": "JavaScript", "kind": "function", "signature": "(token, chatId, { text })"}], "hash": "eba5a5b4cc7ce71daaf3f887b987abd1", "format-version": 4, "code-base-name": "messenger_frontend", "filename": "messenger_frontend/src/api/chats.js", "revision_history": [{"46": "500e087e7514c1d0c03c2e2336d457f1129d5dd4"}]}