{"is_source_file": true, "file_id": 20, "git_revision": "", "state": 1, "description": "", "external_files": [], "external_methods": [], "published": [], "classes": [], "methods": [], "calls": [], "search-terms": [], "ctags": [{"_type": "tag", "name": "createRealtimeClient", "path": "/home/kavia/workspace/code-generation/secure-chat-messenger-321065-321074/messenger_frontend/src/realtime/realtimeClient.js", "pattern": "/^export function createRealtimeClient({ token, onMessage }) {$/", "language": "JavaScript", "kind": "function", "signature": "({ token, onMessage })"}, {"_type": "tag", "name": "getHubUrl", "path": "/home/kavia/workspace/code-generation/secure-chat-messenger-321065-321074/messenger_frontend/src/realtime/realtimeClient.js", "pattern": "/^function getHubUrl() {$/", "language": "JavaScript", "kind": "function", "signature": "()"}, {"_type": "tag", "name": "joinChat", "path": "/home/kavia/workspace/code-generation/secure-chat-messenger-321065-321074/messenger_frontend/src/realtime/realtimeClient.js", "pattern": "/^  async function joinChat(chatId) {$/", "language": "JavaScript", "kind": "function", "signature": "(chatId)", "scope": "createRealtimeClient", "scopeKind": "function"}, {"_type": "tag", "name": "leaveChat", "path": "/home/kavia/workspace/code-generation/secure-chat-messenger-321065-321074/messenger_frontend/src/realtime/realtimeClient.js", "pattern": "/^  async function leaveChat(chatId) {$/", "language": "JavaScript", "kind": "function", "signature": "(chatId)", "scope": "createRealtimeClient", "scopeKind": "function"}, {"_type": "tag", "name": "start", "path": "/home/kavia/workspace/code-generation/secure-chat-messenger-321065-321074/messenger_frontend/src/realtime/realtimeClient.js", "pattern": "/^  async function start() {$/", "language": "JavaScript", "kind": "function", "signature": "()", "scope": "createRealtimeClient", "scopeKind": "function"}, {"_type": "tag", "name": "stop", "path": "/home/kavia/workspace/code-generation/secure-chat-messenger-321065-321074/messenger_frontend/src/realtime/realtimeClient.js", "pattern": "/^  async function stop() {$/", "language": "JavaScript", "kind": "function", "signature": "()", "scope": "createRealtimeClient", "scopeKind": "function"}], "format": "JavaScript", "hash": "a8e0af2aa95e78f393022f926c41287d", "format-version": 4, "code-base-name": "messenger_frontend", "filename": "messenger_frontend/src/realtime/realtimeClient.js", "knowledge_revision": 36}