{"is_source_file": true, "file_id": 18, "git_revision": "", "state": 1, "description": "", "external_files": [], "external_methods": [], "published": [], "classes": [], "methods": [], "calls": [], "search-terms": [], "ctags": [{"_type": "tag", "name": "RequireAuth", "path": "/home/kavia/workspace/code-generation/secure-chat-messenger-321065-321074/messenger_frontend/src/routes/RequireAuth.js", "pattern": "/^export function RequireAuth({ children }) {$/", "language": "JavaScript", "kind": "function", "signature": "({ children })"}], "format": "JavaScript", "hash": "0daecb68f6594f0b0367b6d1b4ba9d2f", "format-version": 4, "code-base-name": "messenger_frontend", "filename": "messenger_frontend/src/routes/RequireAuth.js", "knowledge_revision": 34}