{"is_source_file": true, "file_id": 17, "git_revision": "", "state": 1, "description": "", "external_files": [], "external_methods": [], "published": [], "classes": [], "methods": [], "calls": [], "search-terms": [], "ctags": [{"_type": "tag", "name": "AuthContext", "path": "/home/kavia/workspace/code-generation/secure-chat-messenger-321065-321074/messenger_frontend/src/auth/AuthContext.js", "pattern": "/^const AuthContext = createContext(null);$/", "language": "JavaScript", "kind": "constant"}, {"_type": "tag", "name": "AuthProvider", "path": "/home/kavia/workspace/code-generation/secure-chat-messenger-321065-321074/messenger_frontend/src/auth/AuthContext.js", "pattern": "/^export function AuthProvider({ children }) {$/", "language": "JavaScript", "kind": "function", "signature": "({ children })"}, {"_type": "tag", "name": "bootstrap", "path": "/home/kavia/workspace/code-generation/secure-chat-messenger-321065-321074/messenger_frontend/src/auth/AuthContext.js", "pattern": "/^    async function bootstrap() {$/", "language": "JavaScript", "kind": "function", "signature": "()", "scope": "AuthProvider", "scopeKind": "function"}, {"_type": "tag", "name": "useAuth", "path": "/home/kavia/workspace/code-generation/secure-chat-messenger-321065-321074/messenger_frontend/src/auth/AuthContext.js", "pattern": "/^export function useAuth() {$/", "language": "JavaScript", "kind": "function", "signature": "()"}, {"_type": "tag", "name": "value", "path": "/home/kavia/workspace/code-generation/secure-chat-messenger-321065-321074/messenger_frontend/src/auth/AuthContext.js", "pattern": "/^  return <AuthContext.Provider value={value}>{children}<\\/AuthContext.Provider>;$/", "language": "JavaScript", "kind": "field", "scope": "Provider", "scopeKind": "class"}], "format": "JavaScript", "hash": "b13035098e7ad0e9074ebe5277f868e4", "format-version": 4, "code-base-name": "messenger_frontend", "filename": "messenger_frontend/src/auth/AuthContext.js", "knowledge_revision": 33}