{"is_source_file": false, "format": "", "description": "", "external_files": [], "external_methods": [], "published": [], "classes": [], "methods": [], "calls": [], "search-terms": [], "state": 2, "file_id": 8, "knowledge_revision": 28, "git_revision": "d6c577ba83e42fa6381999fe4ca049698ff4f7f7", "hash": "97abc4107a119805f8e2f0043b144d84", "format-version": 4, "code-base-name": "messenger_frontend", "filename": "messenger_frontend/src/index.css", "revision_history": [{"28": "d6c577ba83e42fa6381999fe4ca049698ff4f7f7"}]}