{"is_source_file": true, "format": "JavaScript", "description": "This file defines a React context and provider component for authentication management in a front-end application. It includes hooks for accessing authentication state, functions for login, registration, and logout, and manages session persistence via local/session storage.", "external_files": ["../api/auth", "./session"], "external_methods": ["getMe", "login as apiLogin", "register as apiRegister", "clearSession", "loadSession", "saveSession"], "published": ["useAuth", "AuthProvider"], "classes": [], "methods": [{"name": "useAuth()", "description": "Custom hook to access authentication context, ensuring it is used within an AuthProvider.", "scope": "", "scopeKind": ""}, {"name": "AuthProvider({ children })", "description": "React component that provides authentication state and actions ({ user, token, login, logout, register }) to its children via context.", "scope": "", "scopeKind": ""}, {"name": "bootstrap()", "scope": "AuthProvider", "scopeKind": "function", "description": "unavailable"}], "calls": ["useContext", "useState", "useCallback", "useEffect", "useMemo", "loadSession", "saveSession", "clearSession", "getMe", "apiLogin", "apiRegister"], "search-terms": ["AuthContext", "useAuth", "AuthProvider", "session management", "login", "register", "logout", "useEffect session bootstrap", "React authentication context"], "state": 2, "file_id": 17, "knowledge_revision": 48, "git_revision": "500e087e7514c1d0c03c2e2336d457f1129d5dd4", "ctags": [{"_type": "tag", "name": "AuthContext", "path": "/home/kavia/workspace/code-generation/secure-chat-messenger-321065-321074/messenger_frontend/src/auth/AuthContext.js", "pattern": "/^const AuthContext = createContext(null);$/", "language": "JavaScript", "kind": "constant"}, {"_type": "tag", "name": "AuthProvider", "path": "/home/kavia/workspace/code-generation/secure-chat-messenger-321065-321074/messenger_frontend/src/auth/AuthContext.js", "pattern": "/^export function AuthProvider({ children }) {$/", "language": "JavaScript", "kind": "function", "signature": "({ children })"}, {"_type": "tag", "name": "bootstrap", "path": "/home/kavia/workspace/code-generation/secure-chat-messenger-321065-321074/messenger_frontend/src/auth/AuthContext.js", "pattern": "/^    async function bootstrap() {$/", "language": "JavaScript", "kind": "function", "signature": "()", "scope": "AuthProvider", "scopeKind": "function"}, {"_type": "tag", "name": "useAuth", "path": "/home/kavia/workspace/code-generation/secure-chat-messenger-321065-321074/messenger_frontend/src/auth/AuthContext.js", "pattern": "/^export function useAuth() {$/", "language": "JavaScript", "kind": "function", "signature": "()"}, {"_type": "tag", "name": "value", "path": "/home/kavia/workspace/code-generation/secure-chat-messenger-321065-321074/messenger_frontend/src/auth/AuthContext.js", "pattern": "/^  return <AuthContext.Provider value={value}>{children}<\\/AuthContext.Provider>;$/", "language": "JavaScript", "kind": "field", "scope": "Provider", "scopeKind": "class"}], "hash": "b13035098e7ad0e9074ebe5277f868e4", "format-version": 4, "code-base-name": "messenger_frontend", "filename": "messenger_frontend/src/auth/AuthContext.js", "fields": [{"name": "return <AuthContext.Provider value={value}>{children}<\\/AuthContext.Provider>;", "scope": "Provider", "scopeKind": "class", "description": "unavailable"}], "revision_history": [{"48": "500e087e7514c1d0c03c2e2336d457f1129d5dd4"}]}