{"is_source_file": false, "format": "", "description": "", "external_files": [], "external_methods": [], "published": [], "classes": [], "methods": [], "calls": [], "search-terms": [], "state": 2, "file_id": 12, "knowledge_revision": 26, "git_revision": "d6c577ba83e42fa6381999fe4ca049698ff4f7f7", "hash": "6e3c6ea8eb8383288cf0026637615080", "format-version": 4, "code-base-name": "messenger_frontend", "filename": "messenger_frontend/package.json", "revision_history": [{"26": "d6c577ba83e42fa6381999fe4ca049698ff4f7f7"}]}