{"is_source_file": false, "format": "", "description": "", "external_files": [], "external_methods": [], "published": [], "classes": [], "methods": [], "calls": [], "search-terms": [], "state": 2, "file_id": 2, "knowledge_revision": 17, "git_revision": "d6c577ba83e42fa6381999fe4ca049698ff4f7f7", "hash": "be6538e7523bc2e9da0743133d784136", "format-version": 4, "code-base-name": "messenger_frontend", "filename": "messenger_frontend/eslint.config.mjs", "revision_history": [{"17": "d6c577ba83e42fa6381999fe4ca049698ff4f7f7"}]}