{"is_source_file": false, "format": "", "description": "", "external_files": [], "external_methods": [], "published": [], "classes": [], "methods": [], "calls": [], "search-terms": [], "state": 2, "file_id": 1, "knowledge_revision": 14, "git_revision": "c98e394af21042adea8dfdbcf8ea5f42159736f0", "hash": "c398496f27828533292106afb1695bb2", "format-version": 4, "code-base-name": "messenger_frontend", "filename": "README.md", "revision_history": [{"14": "c98e394af21042adea8dfdbcf8ea5f42159736f0"}]}